﻿<?xml version="1.0" encoding="utf-8"?> 
<root>
<FormatVersion>2</FormatVersion>
  
<!--##############################################################

    Localization file for QTTabBar ver 129 ( 2013/3/31 )

                * {0} is used as a placeholder
                * [[|]] is used to represent singular/plural expressions.
                  ex. ind[[ex|ices]], folder[[|s]]
                * Empty or missing lines will be filled by QTTabBar with default English resources.
                * This file is not compatible with QTTabBars earlier than ver 128.

    ##############################################################-->

<!--Indicates the target version of QTTabBar-->
<Version>129</Version>

<!--META DATA-->
<Author>zhangrf</Author>
<Revision>111</Revision>
<Locale>zh-CN</Locale>
<Contact>11111</Contact>
<DateModified>2013/6/7 14:33:40</DateModified>
<EditorVersion>1.0.0.1</EditorVersion>

<!--DATA START-->
<ButtonBarButtons>
分隔符
回去
向前走
团体
最近的选项卡
应用程序启动器
新窗口
克隆这
锁
复制工具
最顶层
关闭选项卡
关闭所有但当前
关闭窗口
关闭左
密切的权利
回到上一级
重新加载
搜索
选项
最近使用的文件
不透明度
禁用媒体预览
搜索框
</ButtonBarButtons>


<ButtonBarMenu>
自定义。。。
锁定菜单
路径
名称
当前文件夹路径
当前文件夹名称
文件哈希
路径的所有选项卡
当前文件夹
（多个项目)
工作文件夹
停止图片
停止电影音乐
停止文本
</ButtonBarMenu>


<ButtonBarTooltip>
回 (Alt + 向左): {0}
转发到 {0} (Alt + 右)
最新网页
将存储文件夹的链接的组。
您最近访问过的文件夹。
您已注册的应用程序的链接。
在新窗口中打开活动选项卡。
克隆活动选项卡，并向栏中添加。
锁定活动选项卡，并防止闭幕。
菜单到复制文件的名称，等等......
设置此窗口的最顶端。
关闭活动选项卡。
关闭所有但活动选项卡。
关闭此窗口。
从活动离开选项卡将关闭。
关闭活动从右边的选项卡。
将上移到父文件夹。
刷新文件夹视图。
打开文件夹中搜索在新选项卡中。
打开 QTTabBar 选项窗口。
您最近访问过的文件的链接。
设置此窗口的校务公开。
启用或禁用图像、 媒体和文本预览。
滤波器的输入字符串的当前视图。
副本路径的当前选定内容到剪贴板上的文本。
副本名称的当前选定内容到剪贴板上的文本。
将复制到剪贴板上的当前文件夹路径。
将复制到剪贴板上的当前文件夹名称。
计算并显示所选文件的哈希。
副本路径的所有选项卡剪贴板上的文本。
打开要添加按钮的 ButtonBar 选项窗口。
启用或禁用重排组和应用程序的菜单项。
停止预览的图片
电影音乐的停止预览。
停止预览的案文。
</ButtonBarTooltip>


<DefaultFont>
濑越 UI
9
</DefaultFont>


<DesktopTool>
启用任务栏上的菜单
启用桌面菜单
锁定项目
绘制标题背景
通过单击工具栏上的
启用应用程序的快捷方式键
菜单的不透明度
团体
最近的选项卡
应用程序
最近使用的文件
桌面文件
由单一的左侧单击桌面上
通过一个中间单击桌面上
菜单成员
如何显示菜单
由左双击桌面上
</DesktopTool>


<Dialog>
不再显示此对话框
正在搜索 {0}...
重命名当前文件夹
</Dialog>


<DialogAppLauncher>
是否确实要删除&quot;{0}&quot;?
删除应用程序启动器项目
</DialogAppLauncher>


<DialogButtonBarOption>
自定义 ButtonBar
浏览图像......
重置图像
小图标
大图标
选中项的显示文本标签
没有文本标签
下载图像...
默认
</DialogButtonBarOption>


<DialogButtons>
还行
取消
适用
默认
是
无
请重试
关闭
明确
刷新
停止
诊断程序
向上
向下
</DialogButtons>


<DialogCopyMove>
副本：
移动：
创建快捷方式：
没有找到的目标选项卡。
选择文件和文件夹复制到 &apos;{0}&apos;
选择文件和文件夹移动到 &apos;{0}&apos;
选择文件和文件夹创建快捷方式在 &apos;{0}&apos;
选择所有目标
目标文件夹
</DialogCopyMove>


<DialogError>
错误
QTTabBar 无法导航到：{0}。
找不到 {0} 的目标。
找不到 {0}。
未知的组的名称：
群体找到包含无效的成员：
下列各组均为空或不包含有效的成员：
以下组文件为空或不包含有效的组名：
空文件。
IO 错误。
未经授权的访问。
请确保已启用 QTTabBar。
再没有我显示此对话框此错误
无效的图像文件。请指定 432 × 40 或 480 × 40 像素的文件。
</DialogError>


<DialogFileHashComputer>
完成
中止。
计算哈希 {0} / {1}
在剪贴板上的数据设置成功。
路径
哈希
选项
完整路径
明确在关闭
总在最前面
(现在计算......)
打开文件失败。
取消。
正在等待...
不透明度
</DialogFileHashComputer>


<DialogGroup>
创建新组
组名:
添加所有选项卡
是否确实要删除组&quot;{0}&quot;?
删除组
是否确实要删除成员&quot;{0}&quot;?
删除组成员
创建一个组文件
QTTabBar 组文件
{0} 已经存在。你想追加 (Yes)，或替换 （否） 吗？
</DialogGroup>


<DialogKeyFinder>
[小组]
[应用程序启动器]
[插件]
键
行动
体裁
键盘快捷方式查找器
{0} 键 [[|s]]。
</DialogKeyFinder>


<DialogLibrary>
创建新库
库名称:
添加所有选项卡
</DialogLibrary>


<DialogVersatileBar>
是否确实要删除项&quot;{0}&quot;?
从多功能栏中删除项目
编辑标签
</DialogVersatileBar>


<Global>
{0} 项目 [[|s]]
在选项卡中打开
在活动选项卡中打开
</Global>


<GlobalMenu>
工具栏
锁定工具栏
自动隐藏工具栏
自动隐藏工具栏
键盘快捷方式查找器......
文件夹选项......
QTTabBar 选项...
自定义按钮栏...
分支机构
将添加到应用程序菜单：
取消
创建组的文件...
新窗口中打开
删除
从菜单中删除此项目
打开包含的文件夹
此文件夹是空的。
为活动选项卡上创建组
为所有选项卡创建组
创建新的组...
管理组...
切
副本
粘贴
粘贴快捷方式
删除
重命名
属性
</GlobalMenu>


<GlobalToolbar>
菜单栏
状态栏
选项卡栏
选项卡栏 （底部）
按钮栏
多才多艺的栏
多功能酒吧 (垂直)
</GlobalToolbar>


<GlobalTooltip>
显示或隐藏工具栏。
锁定的大小和位置的工具栏。
切换自动隐藏工具栏的模式。
此工具栏切换自动隐藏模式。
打开 finder 窗口，显示已分配的键盘快捷方式列表。
显示资源管理器中的文件夹选项。
打开 QTTabBar 选项窗口。
通过此选项卡的地方其他地点。
创建新的组，并将活动选项卡添加作为一个成员。
创建一个新组并将所有选项卡添加到它。
选择要创建的组的文件夹。
打开选项窗口，并管理组的详细信息。
</GlobalTooltip>


<GroupOpener>
QTTabBar 组文件
团体：
这组文件是空的。
创建一个组文件
</GroupOpener>


<NotifyIcon>
还原所有窗口
关闭所有
窗口 [[|s]]
</NotifyIcon>


<Option>
QTTabBar 选项
不适用
默认
{0} 不是可访问的。您要继续吗？
无法访问路径
还原此页面的默认值
选择颜色。。。
</Option>


<OptionAppearance>
选项卡的大小
宽度
高度
最大值
Min
固定
选项卡标题文本
请选择字体...
文本对齐方式
文本颜色
活动
处于非活动状态
文本阴影
加粗字体的活动选项卡
文本偏移量 (X，Y)
选项卡背景
选项卡渲染模式
自动
限制选项卡宽度
左对齐
居中
视觉样式
皮肤
经典
图像文件的路径：
突出显示颜色
选择颜色。。。
工具栏
工具栏背景颜色
垂直多功能栏背景颜色
底部标签栏背景颜色
工具栏背景图像
图像的位置
菜单
菜单样式
菜单的不透明度
菜单中的字符的最大计数
显示快捷方式键
平铺
实际大小
拉伸
每个频带上伸展
Windows 7
XP
默认
Windows 8
下载皮肤图像文件...
</OptionAppearance>


<OptionAppLauncher>
添加文件夹
新项目
删除
添加分隔符
路径：
参数：
工作文件夹：
键盘快捷方式
下面的关键字替换双引路径字符串在运行时。
选定的文件
所选的文件夹
选定的文件和文件夹
当前文件夹
当前文件夹，如果没有选定，否则选择文件夹
</OptionAppLauncher>


<OptionDesktopTool>
若要启用桌面工具，在任务条形图上显示的上下文菜单和-&gt; &apos;QT 选项卡上的桌面工具中选择工具栏。
适用于桌面工具菜单标题的皮肤图像
图像路径：
下载皮肤图像文件...
工作屏幕中打开的窗口
将绑架者窗口移动到工作屏幕
</OptionDesktopTool>


<OptionFolderView>
通过 BS 键向上一层
游标循环
按 F2 重命名文件时更改选择
与 Shift + 滚轮水平滚动
无聚焦滚动文件夹视图
无聚焦滚动树视图
在详细信息视图中显示文件的名称不完全显示的项的工具提示
在文件夹视图中的文件夹图标上单击鼠标中键
双击文件夹视图
单击鼠标中键的文件夹视图
兼容的列表视图样式
没有全行选择
总是显示列标题
自定义文件夹的显示水印
修复到列表视图的列宽度
详细信息视图的奇数行颜色
即使行颜色为详细信息视图的
选择背景颜色...
选择文本颜色...
新的选项卡
新窗口
副本
切
属性
回到上一级
浏览文件夹，并在选项卡中打开
克隆
复制当前文件夹路径
复制当前文件夹名称
关闭窗口
关闭活动选项卡
选择所有
反向选择
创建一个新文件夹
创建一个新的 txt 文件
打开复制文件夹对话框
打开移动文件夹对话框
打开从文件夹创建快捷方式对话框
粘贴
在兼容视图中的自定义颜色
将设置文本和背景颜色命令添加到外壳程序菜单
覆盖 NTFS 压缩和加密的颜色
路径、 支线和正则表达式
条件
路径、 名称、 扩展名 (.ext) 或正则表达式 (/ 正则表达式/我） 添加：
添加
更新
更改文本颜色
油漆背景
类型
行
视图
主题
奇数
即使是
路径
名称
位置
文件夹窗口
桌面
应用默认条纹
（不指定）
</OptionFolderView>


<OptionGeneral>
显示工具提示
显示更详细的工具提示
在状态栏中显示命令信息
捕获鼠标 X 1/X 2 后退/前进按钮
交换 X 1 和 X 2 按钮
在选项卡栏中显示导航按钮
语言文件:
权利
左
下载语言文件...
创建语言文件...
</OptionGeneral>


<OptionGenre>
一般
历史
选项卡
选项卡 2
选项卡 3-拖放
窗口
选项卡窗口
工具栏
文件夹视图
文件夹视图 2-颜色
外观 （选项卡）
外观 （工具栏）
团体
组 2
应用程序
插件
键盘快捷方式
预览
预览 2
子菜单
桌面工具
声音
Miscs。
</OptionGenre>


<OptionGroup>
添加的地方......
新的组
删除
添加分隔符
启动组
一组选定的的键盘快捷键：
关闭所有选项卡组打开时
预置管理组菜单中的命令
追加到文本菜单组菜单的管理命令
显示菜单下拉列表中的子项目
显示子项目的子文件夹菜单
如何指示启动组：
在哪里插入启动组：
下划线
斜体
权利
左
锁
</OptionGroup>


<OptionHistory>
最近的选项卡
要将保存的最大项目
添加到历史记录时：
明确表示，关于注销
最近使用的文件
保存应用程序启动器菜单历史记录。
保存应用程序启动器菜单参数
单独保存的 EXE 文件
关闭选项卡
选项卡打开
导航
选项卡打开和导航
允许重复
</OptionHistory>


<OptionKeyShortcuts>
发送到剪贴板
所有人都崩溃
行动
键
QTTabBar-选项卡和导航
QTTabBar-窗口和工具栏
QTTabBar-菜单
QTTabBar-编辑
QTTabBar-预览
QTTabBar-Miscs。
插件
允许快捷方式键没有修饰符键 (Ctrl、 Shift、 Alt)
&quot;{0}&quot;已分配&quot;{1}&quot;。你想要重新分配吗？
重新分配的确认
</OptionKeyShortcuts>


<OptionMiscs>
定期导出设置
间隔 （天）
目录
现在导出设置...
恢复默认设置...
任务栏
单独的任务栏按钮，表示此选项窗口
单独的任务栏按钮，表示文件的哈希计算机窗口
捐赠
重置禁用错误对话框
这将恢复默认设置。是删除包括群体和您注册，并卸载所有插件的应用程序的所有更改。&apos;没有&apos; 还原复选框和组合值，但将保留组、 应用程序和插件。这些更改不要将生效，直到按下确定或应用按钮。
清除设置
请求 Bug 报告
</OptionMiscs>


<OptionPlugin>
添加插件
选项
禁用
启用
卸载
关于: {0}
这些插件都还卸载：: {0}按确定卸载所有。
</OptionPlugin>


<OptionPreview>
显示预览工具提示
显示缩略图下面的文件信息
为网络文件启用
对压缩文件夹中的文件启用
仅与 Shift 键显示关闭
显示即使文件夹窗口未处于活动状态
尝试获取 EXIF 缩略图 (快但质量更低)
保存电影和音乐的播放的点
显示在屏幕的角落
尝试在全尺寸显示
预览窗口的大小
图片最大宽度/高度
电影最大宽度/高度
文本最大宽度/高度
KiB 在文本最大读取
文本预览的字体
请选择字体...
文件扩展名
图片
电影音乐
文本
添加
删除
预览窗口不透明度
图像缓存，在 MiB 中所使用的最大内存大小
清晰的图像缓存
声音的音量
第一次的延迟，以显示预览，以毫秒计
全屏幕
显示器上的全屏幕
固定的显示器：
当前监视器
下一次
上一页
固定
尝试显示在指定的最大大小
文本颜色
背景颜色
信息文本标签
自动隐藏
始终可见
</OptionPreview>


<OptionSound>
播放声音上的错误和对话框
声音的导航
指定要发挥对文件操作的键盘快捷方式的 wav 文件路径。
副本上播放声音
切上播放声音
粘贴上播放声音
上删除播放声音
始终发挥
在就地导航上播放
没有声音
</OptionSound>


<OptionSubFolderMenu>
启用子文件夹菜单
显示文件夹，但是文件不只
显示具有隐藏属性的项目
显示系统属性的项
显示预览工具提示
仅与 Shift 键显示关闭
显示即使文件夹窗口未处于活动状态
扩大对根菜单中的项目分组。QTGroup 文件
在拖动文件和文件夹时显示鼠标光标下的文件夹中的菜单
启用压缩的文件夹中的菜单
显示鬼，而显示菜单
在库中，每个文件夹中的项目排序
启用多才多艺栏中的项目
启用多才多艺栏 （垂直） 中的项目
菜单的不透明度
拖动悬停时间之前显示以毫秒计的菜单
之前显示预览，以毫秒计的延迟时间
</OptionSubFolderMenu>


<OptionTab>
新的选项卡位置：
关闭当前选项卡后，激活：
多行问题修正
当选项卡徘徊的同时拖动操作，
默认放置效果
随着下降目标选项卡
选项卡不是放置目标，当一个选项卡是源
酒吧不是放置目标，当一个选项卡是源
激活新的选项卡
如果不按下 Ctrl 键没有选项卡重复
允许重复删除时
显示选项卡编号
自动重命名含糊不清的选项卡
从它创建新窗口时删除原始选项卡
通过鼠标滚轮更改活动选项卡
选项卡动画
拖动悬停时间前激活，在毫秒
动画因子 （较大较快)
最右
最左
权利
左
上次激活
多活动选项卡底部行中
多行问题修正
单
显示子菜单
激活
系统默认值
副本
移动
链接
显示在选项卡上的关闭按钮
与 Alt 键按下
鼠标悬停时
显示选项卡图标
在标签图标上显示子文件夹菜单，请单击
延长可单击选项卡图标区域以显示菜单
指示驱动器号
锁定选项卡行为
可防止其他选项卡从激活
可以防止在地方导航
禁止关闭窗口
按 Ctrl + Tab 显示选项卡切换器
在 Aero 样式绘制选项卡切换器
水平翻转选项卡栏
作为拖动源选项卡
复制、 移动或创建快捷方式
创建一个新的窗口
接受来自同一 tabbar 放
TabBar 随着下降目标
接受来自同一 tabbar 选项卡
在 TabSwitcher 中显示的项目数
默认行为 （反转按 Alt 键）
</OptionTab>


<OptionTabAndWindow>
当您单击选项卡和 tabbar 时执行的命令
单击选项卡上的
双击活动选项卡上
中间单击选项卡上的
双击上栏
中间点击上栏
路径/组名:
在导航窗格中单击
在导航窗格上的中间点击
窗口的关闭按钮
跳转列表中的关闭窗口命令
关闭
回到上一级
锁
显示菜单
新窗口
克隆
复制路径
属性
显示子菜单
将选定的文件复制到此选项卡
将选定的文件移动到该选项卡
在此选项卡中创建链接到选定的文件
浏览文件夹，并在选项卡中打开
关闭所有但当前
所有的锁
恢复上次关闭
打开 QTTabBar 选项
关闭窗口
克隆当前
新的选项卡
激活最近激活选项卡
在地方导航
关闭选项卡
关闭窗口
将发送到任务托盘
单击的痕迹导航
中间单击痕迹导航
多才多艺的栏上单击
多才多艺的栏上的中间点击
在导航窗格中输入密钥
</OptionTabAndWindow>


<OptionToolbar>
自动隐藏工具栏
扩展选项卡更改时
展开而使窗口最大化
没有自动显示的鼠标光标位置
自动隐藏延迟以毫秒计
自动显示延迟以毫秒计
放置下面 VersatileBar(vertical) TabBar(bottom)
</OptionToolbar>


<OptionTooltip>
转到网站： http://qttabbar.wikidot.com/
Ctrl + 向上
Ctrl + 向下
作为启动设置所选的组。
创建选定项的 Gourp 文件。组文件是到组的快捷方式文件。
显示 dialogbox 询问是否您要删除的设置。
缩略图宽度/高度时在 256pixels 下使用。
可以关闭与 Shift 键。
0 则没有限制。
选择文件
浏览文件夹
选择占位符
在播放时提供 + /-键 Num 垫。
释放内存，保存图像高速缓存。
通过使用与 XP/Vista 兼容的视图，可用自动排列和对齐到 glid&apos;。
文件和文件夹复制或移动到选项卡，通过拖放。
防止选项卡拖和拖放到选项卡上。
防止选项卡拖和拖放到工具栏。
切换选项卡上的锁定的状态。
删除选定的项目。
浏览并选择文件和文件夹。
</OptionTooltip>


<OptionWindow>
捕获窗口
发送窗口到任务栏上最小化
没有窗口的大小调整
保存窗口的透明度
保存的最顶层窗口状态
隐藏菜单栏
选项卡行计数更改时调整窗口的大小
最大限度地通过双击左侧和右侧窗口边界上的水平
还原选项卡时将打开一个新窗口
还原只锁定选项卡
仅对第一个窗口
打开指定文件夹中的最后一个选项卡关闭时
不能关闭防止选项卡
工作屏幕中打开的窗口
将绑架者窗口移动到工作屏幕
捕获窗口的 ShellExecuteHooks （为所需的专业、 再登录)
捕获 Win + E
</OptionWindow>


<ShortcutKeyName>
回去 （Alt + 左）
前进 （Alt + 右）
回去开始
向前走，以结束
激活下一个选项卡
激活上一个选项卡
激活第一个选项卡
激活最后一个选项卡
关闭当前选项卡
关闭所有但当前
关闭左
密切的权利
关闭窗口 （Alt + F4）
撤消关闭
克隆当前选项卡
在新窗口中打开当前文件夹
锁定或解锁当前
锁定或解锁所有
浏览文件夹，并在选项卡中打开
创建新组
打开选项窗口
显示 tabbar 菜单
显示当前选项卡菜单
显示组菜单 （按钮栏）
显示最近的文件夹菜单 （按钮栏）
显示用户应用程序菜单 （按钮栏）
显示或隐藏菜单栏
复制选定的文件路径
复制选定的文件名称
复制当前文件夹路径
复制当前文件夹名称
计算所选文件的哈希
计算哈希值的选定的文件和副本 (无窗)
将窗口置于顶层
透明度 +
透明度-
焦点文件夹视图
重点搜索栏
焦点的文件夹树
焦点选项卡栏
焦点多才多艺栏 （垂直）
显示所选文件夹的子文件夹菜单
尝试显示选定文件的预览提示
将窗口发送到任务托盘
删除选定的文件 (Del)
永久删除选定的文件 (Shift + Del)
反向选择
删除当前文件夹
复制当前文件夹
剪切当前文件夹
粘贴快捷方式
创建一个新文件夹
创建一个新的 txt 文件
创建一个快捷方式文件
打开复制到文件夹对话框
打开移动到文件夹对话框
打开复制到选项卡对话框
打开移动到选项卡对话框
打开选项卡中的创建快捷方式对话框
将选定的文件复制到上一个选项卡
将选定的文件移动到上一个选项卡
在上一个选项卡中创建所选文件的快捷方式
将选定的文件复制到下一个选项卡
将选定的文件移动到下一个选项卡
在下一个选项卡中创建所选文件的快捷方式
打开复制文件夹对话框
打开移动文件夹对话框
打开从文件夹创建快捷方式对话框
打开复制从上一个选项卡对话框
打开移动从上一个选项卡对话框
打开创建快捷方式从上一个选项卡中的项对话框
打开复制从下一个选项卡对话框
打开移动从下一个选项卡对话框
打开创建快捷方式从下一个选项卡中的项对话框
显示或隐藏按钮栏
显示或隐藏多功能栏
显示或隐藏垂直多功能栏
显示或隐藏状态栏
合并所有窗口中的所有选项卡
创建新库
显示键盘快捷方式查找器
显示最近文件菜单 （按钮栏）
激活最近激活选项卡
创建一个新文件夹，打开选项卡
调高音量
把音量调低
静音
播放速度慢
重置速度
播放速度
后跳过
暂停
向前跳过
缩小窗口
尝试在全尺寸显示
放大窗口
切换全屏模式
切换角模式
全屏幕
开始重命名当前文件夹
重点搜索框
水平最大化窗口
打开按钮栏选项窗口
光标左移
向上移动光标
将光标向右移动
光标向下移动
收缩的工具栏
展开工具栏
显示或隐藏工具栏
显示或隐藏选项卡栏 （顶部）
显示或隐藏选项卡栏 （底部）
向左移动当前选项卡
向右移动当前选项卡
顶部和底部之间切换选项卡栏
显示活动选项卡上的旅行日志菜单
还原以前关闭的窗口中的选项卡
选项卡上清除最近历史
清除最近文件历史记录
</ShortcutKeyName>


<TabBar>
此文件夹已被削减。
此文件夹不能被复制。
此文件夹不能被削减。
不能删除此文件夹。
不能删除项目。
</TabBar>


<TabBarMenu>
关闭
密切的权利
关闭左
但这个关闭所有
向组中添加
创建新的组...
向库中添加
创建新的库...
锁
解锁
Label(X) 选项卡
克隆这
新窗口中打开
复制路径
对当前视图的操作
历史记录选项卡
团体
最近的选项卡
最近使用的文件
上次激活
浏览文件夹...
关闭所有但当前
关闭窗口
合并其他窗口的选项卡
Tab 键顺序
还原上一个窗口中的选项卡
撤消一个已关闭的选项卡
</TabBarMenu>


<TabBarMenuOrder>
名称
路径
活动
反向
</TabBarMenuOrder>


<TabBarMenuViewActions>
选择所有
反向选择
创建快捷方式
复制到文件夹...
移动到文件夹...
复制到选项卡...
移至选项卡...
在选项卡中创建快捷方式...
从文件夹中复制...
将从文件夹移......
从文件夹中创建快捷方式...
</TabBarMenuViewActions>


<TabBarDragAndDrop>
将复制到：
移动到:
创建快捷方式：
将复制到 {0}
移动到: {0}
在 {0} 中创建快捷方式
永久删除
创建选项卡在这里
搬到这里的选项卡
在新窗口中打开
不允许重复。
</TabBarDragAndDrop>


<TabBarTooltip>
关闭此选项卡。
关闭从这右边的选项卡。
从这离开选项卡将关闭。
关闭所有选项卡中，但这。
选择要添加此选项卡上的组。
创建新的组，并将此选项卡添加和作为一名成员。
选择一个库中添加此选项卡。
将创建一个新库并将此选项卡添加和作为一名成员。
锁定或解除锁定此选项卡。
此选项卡上的临时标签。
克隆此选项卡，并向栏中添加。
在新窗口中打开该选项卡。
将复制到剪贴板上此文件夹的路径。
对当前文件夹视图的命令的菜单。
剪切到剪贴板表示此选项卡上的文件夹。
将复制到剪贴板表示此选项卡上的文件夹。
将数据粘贴到表示此选项卡上的文件夹中的剪贴板中。
创建的项目你有复制或剪切到表示此选项卡上的文件夹中的快捷方式。
删除此选项卡所代表的文件夹。
此选项卡所代表的文件夹重命名。
显示此选项卡所代表的文件夹的属性。
此选项卡的历史菜单。
激活当前前最后的激活选项卡。
选择文件夹来打开选项卡。
关闭所有但活动选项卡。
关闭此窗口。
移动拥有的其他资源管理器窗口，并关闭它们的所有选项卡。
若要重新排列选项卡命令的菜单。
按名称排列的选项卡。
按路径排列的选项卡。
排列选项卡的命令激活。
反向选项卡的顺序。
还原以前关闭的窗口中的选项卡。
重新打开最最近关闭的选项卡。
</TabBarTooltip>


<TabBarTooltipViewActions>
在窗口中选择的所有项目。
反转选定项和哪些不是。
创建指向选定项目的快捷方式。
将所选的项目复制到另一个位置。
将所选的项目移动到另一个位置。
将所选的项目复制到另一个选项卡。
将所选的项目移动到另一个选项卡。
在另一个选项卡中创建指向选定项目的快捷方式。
选择文件和文件夹，并复制到该选项卡。
选择文件和文件夹，并移到此选项卡。
选择文件和文件夹，并在此选项卡中创建它们的快捷方式。
</TabBarTooltipViewActions>


<VersatileBarMenu>
添加项
添加组
添加所有组
添加应用程序启动器
添加文件夹文件...
添加所有驱动器
添加分隔符
图标标签
切换标签
上面的标签图标
在标签之前的图标
图标的大小
小
介质
大
特大码
锁定项目
在当前选项卡中打开
显示标签
编辑标签
从中删除栏
组:
参数：
工作目录：
允许启动拖动项目
</VersatileBarMenu>


<ViewColor>
设置文本和背景颜色...
</ViewColor>


<!--DATA END-->

</root>
